"504379684495","Jeffrey Bernard","50.74","2008-03-05 04:27:09"
"858193016091","Donna Hill","38.19","1993-10-02 10:21:32"
"815978977843","Rachel Patrick","95.07","1986-08-27 09:51:55"
"991987917278","Patrick Garcia","57.45","1998-09-23 01:59:35"
"145306271610","Shannon Moore","20.24","1985-12-17 05:58:18"
"772735075344","Joel Boone","45.39","2004-12-16 21:11:33"
"906685586302","Amy Watkins","85.05","2018-11-08 18:57:23"
"262469270924","Dustin Harrell","88.96","1982-06-24 07:58:39"
"116999864923","Paul Barry","80.91","1981-06-28 23:54:28"
"139767736431","Matthew Richmond","20.65","1971-07-19 10:09:42"
"626419010451","Melissa Woods","36.22","1984-01-17 16:16:58"
"160252927239","Benjamin Tate","88.82","1971-09-28 10:49:58"
"213348698082","Melissa Brown","94.79","1991-10-29 06:31:54"
"478832380517","Taylor Roberts","59.12","1979-07-18 04:58:46"
"934807705698","Brendan Perez","81.90","1987-04-21 06:36:36"
"255218478846","Tammy Carson","85.07","1983-12-26 00:43:00"
"843091289519","Allison Miller","66.66","2000-10-09 22:37:38"
"834781753007","Kayla King","69.81","2002-11-06 18:25:09"
"850011289757","Miss Stephanie Moran","93.17","1983-01-01 02:02:49"
"040475688183","Jordan Anderson","40.18","2022-01-14 23:07:20"
"616062888846","Mr. David Keller","65.90","1997-01-28 20:58:38"
"737645161146","Alexis Cooper","90.48","2016-06-15 05:03:20"
"024075981919","Gregory Camacho","28.77","1970-03-15 13:45:11"
"723467601391","Jason Barrera","43.07","2005-04-18 05:29:28"
"372097609585","Sarah Maddox","75.79","2012-01-07 05:34:22"
"003047709786","Brent Reese","35.10","1993-01-01 15:43:54"
"738057715758","Patrick Jones","47.90","2010-02-14 22:26:38"
"236350540099","Lori West","58.27","2009-04-11 07:09:54"
"020399173448","Shelley Horton DVM","74.96","1982-05-01 19:23:50"
"081859361190","Kristen Stephens","67.54","1988-07-18 07:10:50"
"069283908935","Paul Moran","98.69","1972-04-02 21:37:14"
"978918094998","Sarah Buchanan","54.67","2015-02-11 00:14:03"
"887685947167","Carla Dillon","73.99","1999-02-04 07:44:23"
"886568980381","Teresa Marshall","46.22","1987-10-24 15:06:12"
"235467974713","Mark Garrett","61.11","2020-10-30 07:25:23"
"830570355196","Todd Gates","24.63","1981-07-10 20:55:28"
"584767600686","Kurt Crosby","28.91","2014-05-10 09:19:34"
"805935865352","Jade Ryan","97.07","1989-05-04 21:55:15"
"150331721256","Carlos Saunders","87.94","1980-10-13 23:44:40"
"526708037448","Adrian Wright","46.78","1988-06-22 05:30:25"
"994782577867","Jose Mays","54.31","2018-10-18 11:07:48"
"444420247402","Steven Young","82.07","1986-09-28 13:21:17"
"962060564200","Michael Cruz","92.11","1986-11-22 19:18:29"
"926584405062","Douglas Byrd","47.36","2012-06-03 12:36:00"
"327439299103","Carlos Robinson","81.96","1974-08-23 09:19:34"
"191787028540","Mr. Jeffrey Baker","35.82","2012-12-24 06:14:14"
"514827706222","Brian Carpenter","28.03","1972-12-29 07:41:59"
"600252401045","Aaron Curry","99.54","1996-11-20 23:16:39"
"372020787215","Ryan Smith","28.66","1997-10-09 04:34:23"
"000036764797","Lisa Moore","100.99","1974-11-01 21:04:59"
"679782021337","Teresa Dunn","96.33","1982-04-26 07:48:12"
"760292811081","Brendan Perez","21.56","1995-04-17 20:36:23"
"562043614543","David Garrison","22.16","2002-05-06 02:15:24"
"676044446854","Marie Lawrence","47.95","2016-07-29 17:08:19"
"740582273082","Matthew Cantrell","24.43","1986-07-24 11:33:01"
"050369965679","Eric Haney","92.51","2002-05-27 12:15:42"
"452732184478","Elizabeth Pittman","67.93","1994-11-18 12:45:04"
"003048665315","Lisa Hunter","91.39","1976-12-04 23:26:42"
"848013022041","Michael Lambert","52.10","2001-05-28 20:02:43"
"485025172966","Devin White","86.66","1974-11-19 03:26:26"
"679648495142","Megan Henry","46.22","2008-04-27 18:54:11"
"310573963983","Brian Murphy","21.82","1993-05-31 21:56:26"
"176948311611","Nicholas Little","81.49","1989-03-19 18:09:09"
"304924502885","Gloria Carlson","64.23","1989-11-30 10:42:32"
"101418666106","Anna Fox","49.08","2021-10-08 15:31:28"
"964865322927","Kristina Mendez","33.71","1983-05-25 09:39:09"
"395805618275","Nicholas Gill","88.85","2014-01-06 21:09:15"
"875818356225","Desiree Luna","46.16","1990-09-28 14:31:38"
"491583124069","Michael Cole","77.42","2014-03-19 11:39:56"
"005135381595","Natalie Peterson","86.50","2012-11-18 19:34:09"
"423117011971","Michael Franco","56.75","2022-03-31 11:35:55"
"615892526397","Mr. David Martinez","16.32","2000-11-18 05:38:31"
"990151373002","Christopher Brock","37.84","1972-11-01 10:04:58"
"158881234808","Adam Robles","54.42","1977-09-28 15:58:12"
"669794801975","Kenneth Ramsey","61.66","1979-12-22 13:05:32"
"979638497925","Steven Young","92.72","1994-11-18 21:55:06"
"675216759113","Phillip Peterson","77.33","2003-07-04 12:09:34"
"509066794244","Tammie Larson","49.36","1999-11-13 12:56:34"
"267415037641","Michael Cruz","29.17","2017-09-10 06:12:10"
"842485465847","Lauren Porter","36.59","1981-07-30 12:33:39"
"295432181443","Kimberly Wells","82.41","1982-12-07 13:54:32"
"685865656275","John Trevino","76.35","2005-04-13 03:56:52"
"859940182006","Ariana Andrade","63.25","1996-02-14 02:57:52"
"920157384532","Frederick Carpenter","50.25","1996-07-16 23:27:12"
"078645348512","Robert West","40.14","2014-04-17 14:40:00"
"266036800817","Cynthia Boyd","46.47","2015-09-06 23:09:12"
"977090604541","Deborah Brooks","18.79","2000-03-05 02:42:52"
"410294830893","Angela Taylor","59.42","1980-02-06 05:02:17"
"849626455864","Tanya Thomas","79.07","2018-12-09 19:33:03"
"762449596091","Michelle Ramirez","69.52","2021-08-08 18:42:18"
"637010434939","Kelli Murphy","41.18","1992-03-02 04:43:32"
"037939853449","Jennifer Mcclure","16.39","1972-03-12 06:49:15"
"796150557064","Michelle Jackson","50.04","1986-05-31 21:50:05"
"183347751595","Adrian Stevens","97.15","1973-02-12 14:40:57"
"160451002710","Anna Barry","22.36","1993-08-22 10:52:00"
"099103280783","Peter Lewis","35.25","1979-12-19 18:43:10"
"977906966277","Laura Patterson","99.27","1974-05-14 02:16:34"
"943561561061","Kyle Powell","67.44","1988-05-12 08:54:40"
"995085708881","Paula Hansen","55.27","1983-12-22 17:58:25"
"854143638551","Benjamin Tate","58.57","1984-08-01 11:00:18"
"313766665564","Kara Martin","86.59","1998-05-04 14:56:48"
"535324219343","Michael Davis","96.84","2001-07-31 18:01:37"
"192080331315","Lori Quinn","35.35","1974-08-07 05:54:20"
"073702420772","Steven Lowe","39.43","2010-01-01 17:17:20"
"880442523510","Tyler Graham","36.04","1975-05-21 02:49:37"
"102949297077","Brian Bird","51.40","1995-05-01 02:00:50"
"855909794340","Nicholas Shaffer","37.14","1978-03-02 06:32:13"
"486119140127","Julie Smith","15.72","1973-02-16 18:22:14"
"058836709995","Alejandra Friedman","46.87","2010-02-17 15:39:30"
"978130835887","Richard Williams","21.43","1976-12-02 01:29:01"
"444452239095","Clayton Erickson","100.41","1997-02-27 20:29:54"
"836201253837","Virginia Barnes","77.91","1979-01-09 23:16:57"
"051470933336","Kimberly Smith","44.73","1986-05-11 07:52:17"
"228345951939","Jennifer Garcia","83.93","1994-07-25 03:28:45"
"294010090828","Adam Hull","92.45","1973-08-07 11:47:23"
"732264289009","Rachael Ramsey","59.50","1979-11-24 20:29:10"
"751771548017","Jay Perkins","90.35","1988-03-05 13:03:52"
"554879584389","Barbara Taylor","91.30","1990-10-21 17:37:21"
"769646919153","Rebecca Edwards","47.05","2018-11-25 09:39:51"
"081726545622","Joshua Jones","29.07","1984-12-10 06:48:22"
"627637512331","Michael Rollins","34.96","1976-05-09 01:30:18"
"011486438234","Jennifer Anderson","99.12","2005-05-11 18:59:58"
"887674951464","Hayley Harris","91.84","1994-05-13 19:16:59"
"128337163977","Stephanie Hicks","31.34","1985-02-15 15:50:56"
"454409397222","Steven Wilson","97.38","2003-11-09 02:03:04"
"549286498873","Emily Watts","23.34","2016-08-21 09:37:40"
"071047393758","Travis Lester DVM","52.97","2013-07-24 10:29:07"
"722502005368","Kevin Russo","49.98","2002-08-24 01:43:50"
"452900607713","Christopher Sullivan","91.23","1996-03-18 03:45:30"
"570675289806","Gregory Flores","25.26","1998-03-23 18:17:55"
"367911173602","Brittany Jackson","77.71","1970-12-31 01:26:59"
"936443293271","Russell Walker","66.88","1975-09-14 10:07:45"
"132215611190","Steven Serrano","85.90","1973-06-01 21:33:53"
"733030625434","Catherine Morales","25.24","1988-03-10 06:19:24"
"516503587296","Heather Krueger","95.13","2015-03-14 09:35:14"
"998561516817","Kenneth Jones","17.74","2018-03-07 04:16:43"
"312816474622","Jeffrey Morrow","100.98","2017-06-22 09:42:25"
"905324066434","Richard Bailey","91.20","2014-07-17 12:53:19"
"466191721296","Peter Lewis","38.91","1972-02-25 00:28:20"
"948736141947","Brenda Jackson","74.26","1972-05-09 19:23:59"
"096104453794","Aaron Martin","19.66","2011-02-28 06:00:38"
"837515911613","Michael Carter","99.23","1993-06-23 13:10:05"
"557407072181","Mark James","23.15","2010-10-19 07:25:14"
"034350454193","Gabriel Gonzalez","18.11","1979-10-15 03:00:03"
"298684453222","Natalie Miller","95.11","2020-06-01 07:01:40"
"542075923941","Joseph Brown","77.36","2010-05-03 16:38:41"
"390025879794","Gregory Myers","95.36","2000-10-16 12:56:46"
"730490085895","Robin Baker","74.01","2007-07-02 21:36:57"
"596076486991","Angela Gardner","75.08","1993-12-07 16:51:07"
"011944144214","James Santiago","58.46","1985-08-16 03:48:14"
"218110641364","Gregory Oliver","16.14","2005-06-19 11:04:14"
"059198220813","Kyle Hoffman","36.89","2020-11-23 11:43:36"
"864765468151","Benjamin Tate","23.59","1997-10-05 14:41:21"
"506794399563","Gerald Hunt","39.56","1987-10-02 05:16:45"
"662530557078","Thomas Kirk","73.75","1992-03-04 13:21:13"
"295061412278","Eric Jones","47.33","2009-04-28 20:08:49"
"175440620280","David Marshall","62.19","2018-04-16 17:07:40"
"779239786509","Michelle Jones","70.66","2010-07-31 23:22:22"
"881314424425","William Jackson","26.12","2020-05-05 02:07:47"
"532347495403","Jonathan Martinez","82.09","2010-05-26 01:10:37"
"410864336453","Lindsey Robertson","48.20","1983-03-05 00:21:43"
"593077842914","Mariah Flowers","97.37","1977-01-28 13:25:51"
"873455503626","Melissa Lopez","65.41","1979-03-27 09:24:44"
"290244938252","Jamie Gray","65.41","2007-10-26 09:31:47"
"674944279248","Kayla Hood","79.58","1971-05-06 17:00:24"
"102718379472","Sarah Sutton","18.39","2018-11-11 17:34:10"
"796754195383","Nathan Ramirez","36.56","1972-12-06 04:33:29"
"789096680560","Jacqueline Campbell","84.86","2012-04-03 21:07:46"
"303067179433","David Gross","90.63","1981-03-26 15:46:14"
"767397529054","Derek Gonzalez","92.98","2013-06-01 13:02:28"
"840466676482","Andrea Holloway","91.65","2021-06-21 04:30:06"
"839049113864","Heather Krueger","67.67","1987-04-03 16:24:34"
"960327851635","Annette Brown","65.22","1986-10-17 15:06:59"
"415350685781","Abigail Hernandez","67.99","1972-01-10 11:33:32"
"936172307881","Jacob Kelly","56.62","2015-04-20 13:36:21"
"672357246654","Robert Hernandez","82.25","1970-07-14 22:13:21"
"787531808255","Robert West","67.75","1985-10-14 00:51:02"
"706952049226","Edward Reed","39.34","2010-12-03 11:41:15"
"823155300968","Mark Garrett","57.85","1975-04-28 15:35:37"
"369120546111","Michael Martin","32.77","2019-11-12 03:04:42"
"645466475173","George Walker","82.05","1987-03-15 07:58:35"
"455022852221","Melissa West","77.06","1985-10-16 15:13:03"
"101206538723","Kimberly Lloyd","38.77","1990-02-08 02:26:24"
"539966751687","Douglas James","83.22","1996-08-13 11:05:50"
"184112936875","Jessica Welch","68.90","1991-07-12 10:59:49"
"263823369239","Timothy French","58.37","1970-06-02 10:34:12"
"848088127795","Douglas Byrd","30.08","1984-02-16 13:52:04"
"687506159281","Bobby Riley PhD","16.28","1996-08-27 13:56:43"
"525364397507","Lisa Carlson","22.32","1970-07-19 03:44:32"
"279938082508","Anna Barry","95.60","2018-11-10 18:02:56"
"651768809763","Cynthia Clay","41.96","1989-12-09 06:06:03"
"360085177074","Victoria Wise","97.18","1995-05-27 22:36:50"
"519166938379","Susan Young","51.78","1976-02-21 00:54:37"
"553846405395","Ryan Hopkins","89.53","2013-09-25 00:16:56"
"848267549233","Catherine Park","23.56","1975-07-09 20:17:54"
"996801073449","Rachel Novak MD","78.69","2012-12-20 11:54:00"
"195012800799","Scott Mason","16.45","1975-01-18 14:45:11"
"042332733214","William Sexton","22.09","2021-07-03 10:15:02"
"544649187651","Amber Martinez","53.13","1977-02-13 23:44:11"
"434572380418","Karen Davis","54.57","2008-12-27 03:57:51"
"919159892733","Gary Choi Jr.","27.57","1992-12-21 15:01:08"
"692747794876","Elizabeth Pittman","53.84","1996-09-04 06:54:58"
"196655350049","Todd Gates","36.46","1995-03-16 06:22:21"
"849732662761","Steven Bauer","20.23","1982-08-08 01:45:50"
"870453842822","Mariah Flowers","69.73","1981-04-29 00:07:48"
"539234467559","John Christian","64.80","2002-05-02 22:53:33"
"587087188177","Sylvia Stephenson","24.32","2010-01-12 18:40:47"
"401910075079","Emily Navarro","69.60","1994-03-10 03:29:11"
"241398817440","Dawn Dunn","38.00","2005-01-22 18:56:31"
"225597039988","Mr. Joshua Walker","48.71","2008-05-21 05:29:06"
"392105827202","Carolyn Mack","36.18","1985-01-17 04:48:41"
"454511363644","Brittany Williams","97.25","2021-10-15 22:32:30"
"544236744704","Paul Kim","50.15","1993-06-29 21:59:19"
"246184251693","David Marshall","96.11","2013-11-08 04:53:54"
"166159957738","Jeremiah Alexander","61.46","1996-10-10 15:09:26"
"625153216633","Matthew Cantrell","78.96","1995-02-10 15:34:31"
"447812694959","Robert Hernandez","15.26","1994-01-05 17:35:20"
"598012157592","Aaron Martin","23.49","2009-03-26 04:24:20"
"329665882170","Travis Sanders","94.35","1974-11-09 07:26:58"
"665375380469","Mitchell Kim","76.50","1981-07-06 21:14:23"
"310837320982","Christopher Wilson","48.90","2005-04-15 05:25:25"
"495774638791","Megan Holland","22.67","1999-08-16 18:20:58"
"718738064980","Jasmine Price","93.24","1997-10-14 12:05:52"
"293843758084","Brittany Stokes","45.11","1979-09-26 16:36:14"
"693220665288","Sue Norton","25.46","1972-12-13 13:24:22"
"123842013409","Todd Gates","26.69","1999-12-02 07:12:56"
"653712150248","Oscar Gonzalez","41.56","2007-12-02 21:33:55"
"123244076760","William Jackson","65.27","1998-02-08 03:07:45"
"148538385065","Raymond Stanley","91.68","1987-06-06 18:16:48"
"316164944950","Brandon Butler","51.32","2006-10-15 09:48:06"
"682473198053","Sean Villanueva","25.19","1982-08-31 01:01:16"
"699399209530","Tammie Larson","97.76","1992-11-28 23:06:05"
"169662260634","Donna Estes","64.52","2011-01-14 02:42:52"
"226254180810","Craig Taylor","52.01","2000-01-14 04:10:34"
"804798623573","Adrian Wright","35.71","2020-11-09 12:48:44"
"572270387227","Peter Calhoun","17.38","1992-01-08 13:09:55"
"473950227907","Russell Walker","78.77","1998-04-04 02:37:12"
"775780004797","Robert Jackson","95.73","1983-05-15 04:00:26"
"721103570343","Sierra Reynolds","82.21","2012-01-02 22:27:01"
"087776618466","Michael Bowers","45.48","1982-02-15 16:54:09"
"345920185183","William Garza","99.74","2009-11-01 09:36:47"
"491338137056","Charles Parks","27.81","2020-11-20 16:41:21"
"278605749071","Mr. Aaron Wilson","47.26","2012-07-14 22:08:25"
"292523564982","George Browning","96.60","1984-02-01 11:50:27"
"102152832128","Mary Evans","36.43","2017-09-27 16:39:04"
"964039292930","Zachary Smith","88.04","2001-06-21 06:31:30"
"204918868606","Paige Brown","71.59","2005-08-30 21:28:58"
"706505458163","Paul Moran","47.79","2006-07-14 00:38:36"
"823829760721","Adam Stephenson","31.85","2008-03-17 03:19:35"
"872720522814","Adam Stephenson","64.63","1996-09-27 12:25:00"
"872831838538","Cassandra Hull","75.82","2011-06-02 03:39:25"
"195276398907","Jennifer Lee","58.61","2004-11-16 03:53:57"
"103125713196","Jeremiah Alexander","75.94","1974-10-17 11:34:51"
"815852747574","John Butler","31.53","1998-06-26 16:56:50"
"788297223213","Kimberly Lloyd","26.23","1975-03-25 07:31:13"
"593865104317","Teresa Dunn","27.05","1980-01-20 22:34:01"
"055829683834","James Ramirez","100.81","1973-05-31 03:29:28"
"174268375815","Victor Taylor","31.98","2020-12-01 10:08:26"
"104682801430","Anthony Nelson","74.84","2011-04-24 05:18:13"
"410110916969","Angela Price DDS","48.08","1993-01-29 02:27:10"
"520662047586","Amber Robertson","20.04","2003-06-15 10:16:51"
"980778258465","Leslie Moore","54.80","2013-02-15 19:46:40"
"699567907921","Jack Padilla","71.29","2012-03-18 05:33:56"
"930476654591","Michael Nielsen DVM","33.63","1980-03-16 00:32:32"
"604822733227","Kyle Matthews","57.60","1996-05-21 02:10:37"
"952010559349","Tammie Walton","92.45","2019-08-11 11:10:41"
"260590612045","Paula Lewis","18.57","1984-08-23 11:01:41"
"738581759588","Wendy Young","69.26","1998-08-18 18:01:42"
"685465734699","Natalie Miller","61.26","1998-11-26 07:30:42"
"493390646700","Jay Perkins","35.93","2017-11-11 16:28:19"
"953472395024","Mrs. Jennifer Baker","98.00","1970-04-04 01:32:16"
"624844703330","David Black","96.62","1991-05-28 12:23:00"
"746678215820","Kelly Tucker","87.08","2009-06-05 05:00:42"
"031021191985","Kyle Powell","62.35","1990-05-15 19:54:30"
"117967509281","Isabella Harris","96.55","1995-04-10 04:58:12"
"642667251308","Nicholas Charles","60.31","1984-03-25 16:10:21"
"255907327203","Brendan Perez","59.24","1982-06-18 18:47:08"
"267091028108","Kayla King","97.64","2004-02-12 17:28:16"
"922031308384","Raymond Stanley","24.15","2008-06-19 05:21:59"
"346715771485","Rhonda Bautista","52.13","2014-04-29 05:49:02"
"521650828578","Kyle Matthews","30.85","2019-08-24 13:39:06"
"339470371016","Erin Jones","78.36","1970-12-06 14:24:22"
"665607311869","Joel Williams","95.26","1994-01-19 09:34:53"
"814784739236","Jasmine Price","51.75","1993-10-08 11:32:09"
"943566863735","Gary Choi Jr.","43.94","2001-12-16 04:57:02"
"373487093397","Calvin Rodgers","90.19","1971-08-16 16:09:45"
"321009974969","Jason Smith","18.45","1998-11-13 22:19:21"
"168254805762","Wesley Brandt","19.30","1988-07-28 17:13:12"
"619155557883","Michelle Jones","21.10","1995-08-07 06:20:17"
"394490074880","Brittany Peters","55.88","2011-01-15 01:34:32"
"058935511160","Rhonda Peterson","82.42","2022-03-15 17:22:15"
"698466904637","Michael Flores","15.40","2006-08-12 20:50:06"
"218482158336","Laurie Williams","18.83","1987-01-09 22:50:49"
"470595325239","Adam Bell","38.06","1973-02-01 17:37:07"
"709848174349","Clayton Erickson","27.76","1992-02-26 16:50:00"
"593056452307","Robert Mccall MD","47.98","2007-07-31 01:25:00"
"276515795910","Timothy Kim","64.33","1995-12-03 12:01:53"
"747043540963","Michael Cruz","40.07","1983-09-25 21:08:56"
"636446488708","Travis Sanders","37.33","2011-10-29 02:42:10"
"675616598000","Kathy Mcguire","60.74","2006-06-11 05:47:12"
"351683441664","Jennifer Perry","15.86","1992-06-25 03:28:03"
"368912486193","Benjamin Riley","85.95","2003-12-31 18:42:04"
"838856150444","Jake Schaefer","28.95","1981-05-19 09:25:13"
"026183454906","Jason Parker","18.66","2013-10-16 05:21:44"
"681082460771","Leslie Moore","96.63","1993-03-16 09:40:16"
"379396518578","Darrell Anderson","40.05","2016-08-24 10:34:01"
"130197669919","Stacey Brooks","40.32","1973-04-12 18:26:15"
"146383943309","Lori Livingston","42.48","1973-07-26 16:12:20"
"179225938848","Kyle Nelson","43.94","1989-01-18 10:40:50"
"881480209357","Brian Oneill","75.49","1977-08-28 03:30:18"
"527563893529","Michael Mckinney","71.33","2022-03-23 13:48:07"
"398351755706","Annette Brown","76.34","1993-01-26 11:30:04"
"126442573629","Marcus Pena","30.78","2003-03-11 01:02:06"
"502215630301","George Browning","80.72","1987-04-20 03:01:59"
"972874996338","Kyle Powell","64.45","2008-09-19 17:19:08"
"904015930954","Eric Jones","48.00","2005-01-09 04:25:10"
"370289472448","Darin Harris","88.66","1970-01-15 03:33:49"
"654437366387","Marie Lawrence","98.93","2004-06-15 19:45:55"
"572817744588","Michael Lambert","70.01","2013-07-05 04:58:38"
"492068622538","Jasmine Price","61.07","2000-11-12 09:45:58"
"476036355364","Stephanie Roberts","52.31","1978-12-20 10:21:32"
"740295812107","Anna Mccoy","25.99","1996-06-20 10:12:24"
"504996633845","Deborah Preston","29.30","2012-12-13 22:41:22"
"371269420819","Brittany Aguilar","52.79","1997-08-22 13:16:30"
"520572171336","Anthony Anderson","57.29","1970-08-05 23:05:28"
"411275069532","Anthony Anderson","88.54","1974-11-30 23:45:46"
"485753299477","Jessica Kim","87.61","1993-11-05 16:11:03"
"018447230794","Jennifer Harris","83.84","2000-05-03 21:35:19"
"810004632369","Melissa Brown","99.88","2001-11-17 21:25:06"
"299262011113","Linda Williams","34.14","1990-02-17 15:25:57"
"281113664760","Jodi Jackson","49.87","1978-06-02 07:30:10"
"704031679608","Christina Mosley","47.95","2006-02-24 02:04:32"
"472341982601","Kaitlyn Gomez","90.69","1976-03-10 16:40:34"
"888739229303","Scott Williams","49.24","1982-06-01 04:31:33"
"575779193053","Nicholas Nichols","46.05","1991-04-21 00:15:11"
"196346082367","Lindsey Jensen","39.65","2007-07-19 02:56:42"
"597126573944","Brittney Baker","33.71","2014-08-16 12:01:36"
"691797083355","Jerry Dixon","85.13","1990-05-29 21:57:36"
"968595728587","Joseph Goodwin","31.19","1987-02-26 03:01:58"
"212205405845","Aimee Robinson","62.51","1992-01-25 03:21:03"
"043566121851","Peter Calhoun","93.79","2014-04-18 15:28:53"
"963733530280","Brian Sanchez","52.26","2003-04-24 00:24:29"
"442038210466","Melissa Ray","15.66","2015-03-19 17:15:31"
"014859595141","Leslie Garrett","95.99","2022-02-03 14:43:29"
"164970790434","Mrs. Kimberly Hodge MD","62.87","2010-11-25 04:12:35"
"303597385161","Larry Obrien","16.26","1997-05-25 00:25:20"
"707350642792","Peter Lewis","76.85","1991-10-25 08:50:41"
"780274232947","Debbie Adams","23.79","1989-03-29 18:52:51"
"605328157738","Beth Wilson","15.82","2016-06-22 16:22:23"
"005757637958","Dave Taylor","63.58","2005-11-15 16:17:17"
"675795444501","Edward Reed","93.23","1992-09-09 15:19:02"
"353478366793","Ryan Smith","39.17","1970-05-16 02:07:58"
"720809912720","Timothy Kim","62.67","2017-10-10 23:34:28"
"551440585608","Rhonda Peterson","16.94","2008-11-22 23:50:34"
"955693147242","Elizabeth Jarvis","54.16","2020-10-16 11:53:28"
"540024113316","Jasmine Price","92.81","2012-06-20 08:59:00"
"815331547984","Leonard Rojas","41.58","1995-02-26 04:51:05"
"816964373344","Johnny Holland","21.67","1998-09-19 09:24:04"
"092155442436","Ashley Hubbard","30.51","2007-02-12 09:03:09"
"896794582103","Anna Kelly","44.31","2001-07-05 10:11:58"
"678485493090","Sheila Meyers","23.66","2005-06-06 08:11:27"
"786168271032","Donna Hardy","63.80","1990-02-10 20:15:17"
"705515393026","Kyle Taylor","62.95","2013-02-14 00:50:00"
"430802802279","Jordan Anderson","59.80","1972-05-10 12:22:37"
"294797858579","Ashley Newman","30.03","2013-12-30 19:21:32"
"946472347552","Wesley Brandt","50.46","2006-10-17 17:47:38"
"944591987394","Douglas English","87.24","1970-08-20 02:35:51"
"609158626750","Nicholas Warren","95.41","1981-10-04 01:49:33"
"874335380039","Jennifer Garcia","15.43","1999-07-08 22:41:30"
"734717628712","Brooke Moody","34.60","1976-07-08 22:59:08"
"572821268742","Christopher Wilson","93.50","2017-05-12 02:17:40"
"647757654888","Travis Sanders","88.45","2000-08-17 12:16:39"
"500096753565","Michael Bowers","59.12","1991-01-06 12:48:31"
"778781673265","Scott Brown","90.78","2003-10-20 09:11:44"
"900469601974","Steven Lowe","61.47","2022-03-29 00:47:25"
"179261607954","Jeffery Johnson","55.63","2016-08-01 09:00:38"
"418287325876","Stacey Mccullough","90.70","1976-12-15 03:33:06"
"373595051342","Juan Gibson","49.72","2006-02-11 17:31:00"
"086035455232","Jake Schaefer","15.15","2013-04-12 12:47:19"
"084129079361","Kimberly Martin","60.96","1999-03-27 11:52:11"
"654285420859","Steven Wilson","28.90","1991-09-09 02:48:02"
"271550872793","David Sloan","51.54","2018-08-08 21:34:20"
"444432035371","Ashley Brooks","85.07","1974-06-12 07:22:31"
"523814572249","Teresa Dunn","97.66","2008-01-04 20:21:59"
"289899781559","Scott Brown","94.34","1999-12-29 04:36:03"
"980991805800","Carolyn Mack","33.26","2006-08-14 16:23:03"
"807437969558","Michael Rollins","69.65","2017-10-13 04:20:50"
"567131554640","Mark Tate","60.66","2016-04-07 11:20:01"
"478898030115","Catherine Carey","74.60","2014-04-09 01:43:48"
"309155337725","Breanna Williams","77.15","1981-09-30 20:47:24"
"859440838000","Samantha Hamilton","74.18","2005-06-03 00:47:42"
"135985906105","Carl Sanders","76.22","2006-09-09 08:01:03"
"879760275042","Tyler Peterson","64.89","1991-04-07 00:19:00"
"638902164779","Tyler Sims","74.30","2012-01-19 10:28:01"
"704121977795","Andrew Mcdaniel","26.81","2011-03-16 06:28:48"
"766407149787","Gloria Carlson","59.82","1974-10-28 02:30:56"
"966407182722","Mitchell Young","71.86","1975-07-09 14:50:04"
"424680569846","Melissa Ray","94.73","1988-09-26 11:14:27"
"891095667511","Judy Wood","74.89","1999-08-21 03:32:16"
"615119180818","Shannon Moore","49.05","1990-09-25 08:19:05"
"775117799183","Tina Arnold","50.02","1978-05-16 13:23:45"
"933590795638","Anna Blevins","65.38","1992-01-05 09:03:45"
"895394262293","Eric Aguirre","65.18","2002-03-19 08:05:15"
"499845907985","Kelly Hayes","43.78","1979-08-05 23:59:10"
"102136430391","Maria Perez","55.26","1984-01-21 12:40:57"
"059748698297","Jessica Kim","57.82","1985-12-05 13:05:28"
"369914026754","Cynthia Herrera","66.43","1976-11-29 01:38:09"
"891792004108","Joseph Montoya","30.15","1981-12-03 20:55:02"
"469985253416","Ryan Baldwin","44.69","1974-07-24 11:44:05"
"021951817062","Lance Lane","87.98","2001-07-28 22:04:40"
"534464358910","Benjamin Williams","55.28","2017-01-15 01:44:16"
"382109613181","Cameron Sherman","82.14","1981-08-29 09:39:13"
"322429763765","Jeff Lee II","63.36","2013-09-28 07:25:01"
"664091351241","Richard Howell","28.15","2005-10-19 06:55:45"
"167113306627","Donna Johnson","46.58","1998-11-24 23:50:49"
"024693965539","Brian Carpenter","100.08","1981-03-24 03:43:12"
"903333408616","Courtney Weber","24.72","1982-10-09 07:28:24"
"386269873516","Sara Gutierrez","36.21","2009-06-10 00:17:04"
"105182877546","Jason Parker","84.59","1987-03-23 16:06:30"
"195143899211","Jonathan Taylor","56.51","2000-11-29 06:46:01"
"177596289770","Ryan Baldwin","97.34","2020-10-27 23:18:38"
"995362250263","Heather Carter","71.58","1995-06-09 02:04:42"
"308923993424","Gloria Carlson","19.24","1977-04-10 05:57:51"
"795937883313","Melissa Lopez","97.52","1983-11-03 09:23:16"
"617174879566","Corey Cooper","79.20","1987-04-21 12:30:44"
"045300709990","Kenneth Jones","73.58","2021-03-24 04:26:21"
"998230322091","Heather Krueger","27.83","1997-01-10 01:34:19"
"253278030958","Amy Taylor","87.73","1993-12-31 21:27:58"
"896482471252","Paige Brown","33.26","1994-07-26 11:17:09"
"471402700659","Paul Moran","84.38","1983-02-27 02:08:31"
"403234133269","Jennifer Palmer","90.62","1999-05-02 07:57:49"
"182004778058","Tim Ramirez","31.69","1999-09-01 05:03:07"
"773913614262","Christy Maldonado","56.39","1970-03-18 22:03:21"
"607316421219","Judy Williams","80.84","2001-03-29 22:59:37"
"994276292465","Jonathan Walker","43.21","1998-01-07 04:16:58"
"821775491327","Albert Davis","35.95","1987-04-30 09:49:40"
"285515898989","Kyle Powell","94.41","1979-12-22 17:17:46"
"051862210288","Michael Carter","74.72","1986-03-18 15:29:30"
"866741036858","Michelle Jones","75.34","2002-01-27 17:34:58"
"004369707506","George Diaz","96.72","1971-03-30 22:13:57"
"522415372412","Angel Harris","47.13","2011-09-26 07:33:24"
"433027254908","Elizabeth Webb","16.58","2008-09-16 17:06:24"
"243372735199","Daniel King","95.56","2000-03-08 18:58:06"
"700189697300","Matthew Rose","58.42","2019-02-03 00:36:18"
"942916417516","Robert King","31.01","1984-11-22 13:23:05"
"758943378655","Jessica Green","29.94","1988-03-17 21:54:23"
"128994564842","Oscar Gonzalez","21.24","1974-09-22 04:51:01"
"014401942346","Kenneth Hall","34.20","1989-03-22 21:12:33"
"614758341335","Dawn Dunn","49.12","1995-05-05 02:56:55"
"379367048889","Anthony Lee","61.97","1970-08-06 22:45:20"
"410475572203","Mary Allen","30.62","2021-11-21 03:23:47"
"881006198588","Richard Rodriguez","76.24","2011-06-20 09:45:36"
"936810396708","Megan Nguyen","38.74","1972-11-25 03:06:31"
"470087559513","Joel Boone","44.82","1995-01-20 18:34:17"
"942911714374","Christina Mosley","24.65","1994-05-28 04:29:27"
"242791474422","Renee Edwards","74.01","1980-09-10 17:17:05"
"189749032728","Darin Harris","26.70","2001-05-06 22:48:39"
"083929414573","Emily Watts","71.61","2009-02-13 22:59:32"
"302651889896","Richard Rodriguez","88.77","2021-01-25 18:31:08"
"214111254993","David Sloan","99.91","1994-12-26 06:29:54"
"712428202302","Michelle Tran","57.02","1999-10-11 04:36:13"
"390197325910","Douglas James","60.19","2014-10-05 20:17:18"
"636728174117","Julia Rodriguez","76.54","2002-07-18 13:27:31"
"423794219536","John Trevino","47.14","1982-01-09 18:38:42"
"498567982586","Laura Jones","85.69","1989-11-12 05:18:26"
"889947358468","Marisa Perez","82.29","1972-01-30 15:13:25"
"572066376876","Julia Becker","94.18","1972-05-10 04:48:44"
"718872342758","Jennifer Anderson","84.78","1975-01-02 01:33:30"
"037254551634","Scott Mason","52.69","2013-04-14 23:21:42"
"418781973423","David Campbell","23.67","1988-12-18 10:06:01"
"548479412545","John Taylor","48.26","2013-04-13 03:49:02"
"724860330004","Randall Sullivan","53.89","2005-09-29 21:51:45"
"102181750610","Kyle Matthews","89.91","1974-05-07 18:34:58"
"981468144917","Melody Reed","52.01","1980-05-17 20:32:35"
"935624628015","Tiffany Ward","78.92","1995-08-15 00:59:10"
"383695279728","Sheila Meyers","71.28","2022-04-08 09:13:18"
"888704407413","Melissa Woods","59.85","1976-11-15 14:51:06"
"553856942841","George Wilson","60.18","1982-12-27 09:26:23"
"272022195494","Scott Robinson","61.47","1976-09-15 20:43:31"
"019795729688","Miss Stephanie Moran","62.55","1982-01-08 05:42:39"
"218884890797","Deanna Rodriguez","41.92","1985-03-15 23:43:16"
"462868541147","Calvin Rodgers","33.41","1977-01-08 18:24:02"
"249051010136","Melissa Matthews","95.38","2018-07-08 17:15:21"
"862896802790","James Henderson","36.79","2012-02-17 04:54:18"
"496033833019","Emily Navarro","53.76","1999-09-02 18:23:05"
"352789007083","Brian Terrell","93.72","2015-12-10 10:58:58"
"343914662567","Christopher Payne","96.95","2001-09-25 10:49:41"
"968331752193","Amanda Smith","61.98","1973-10-04 13:43:32"
"500333438876","Mr. David Keller","88.05","2013-04-09 11:28:37"
"599761499330","Tracy Jones","66.21","1979-07-02 20:18:20"
"389565836666","Steven Lowe","76.74","2012-08-15 11:00:41"
"246012093072","Angela Gibson","71.81","1985-12-26 04:07:23"
"540420360627","Robert Willis","100.29","1981-06-29 17:31:14"
"804742027328","Melissa Patel","38.00","1970-11-06 22:50:29"
"023400283980","Rachel Williams","27.38","2000-11-21 05:57:49"
"395257018349","Angela Gardner","88.31","1982-01-17 03:33:19"
"410881128582","Bruce Clark","56.11","1989-08-22 17:27:17"
"241324369384","Jessica Moyer","74.79","1991-07-03 06:48:16"
"694646097469","George Wilson","58.22","2016-12-10 05:09:40"
"407767602397","Anna Kelly","64.30","2012-08-26 13:06:49"
"126664637730","Kevin Johnson","52.77","2014-05-19 19:04:44"
"115206092806","Jessica Welch","62.49","1971-01-27 08:56:37"
"175376289732","Karen Obrien","24.56","1972-04-03 02:46:29"
"622878573175","Stephanie Moore","71.83","2000-11-05 09:39:38"
"722887863047","Jason Thompson","83.35","1970-07-19 14:40:51"
"071350829060","Becky Lee","81.91","1977-02-17 01:26:59"
"219612612604","Justin Roth","51.32","1981-07-30 12:55:38"
"882870829455","Eric Abbott DDS","32.40","2011-03-25 03:08:39"
"486282500800","Laura Patterson","28.23","1975-08-18 23:44:56"
"952690183964","Dominique Williamson","74.18","2020-11-09 00:13:38"
"518448348327","Stephen Mccormick","18.93","2002-05-29 11:36:29"
"518564104374","Aimee Robinson","19.98","1971-08-10 12:10:44"
"547551257960","Mr. Joshua Walker","96.09","2021-04-28 14:23:08"
"733567533302","Mr. Timothy Foster","52.86","1986-02-03 10:15:12"
"128142140144","Steven Bauer","64.60","1992-10-12 05:32:43"
"474043479559","Christine Schneider","55.02","2003-03-30 13:37:43"
"021554751548","Carrie Duncan","84.78","1998-08-11 12:28:21"
"238214502021","Richard Smith","27.99","1978-10-23 15:17:21"
"842303308621","Douglas Byrd","15.84","2011-04-06 03:17:39"
"219124865147","Dr. Hannah Evans","51.71","1992-04-15 00:06:40"
"977846505835","Rachel Hood","51.54","2006-01-25 04:45:22"
"112153252309","Nicholas Lin","56.17","2010-02-24 01:36:21"
"272295232079","Darin Harris","59.38","2005-07-05 21:52:55"
"106368661161","Megan Henry","61.01","1985-01-21 12:29:18"
"324770156134","Nicole Webb","91.11","2016-10-20 07:25:05"
"208053338982","Cindy Ramos","21.93","1995-01-07 20:59:43"
"065941793569","Elizabeth Davidson","79.75","2012-03-08 08:59:55"
"076694121700","Travis Sanders","84.56","2013-10-12 17:12:45"
"870430268738","Michelle Andrews","28.70","2004-12-12 05:22:52"
"405006541295","Kathy Mcguire","50.27","2004-05-26 04:03:10"
"541347349014","Gregory Flores","91.70","1982-11-28 07:10:28"
"390074415092","James Jones","71.62","1972-09-20 18:33:17"
"405216012429","Adrian Wright","99.42","1997-10-07 13:40:05"
"693207881723","Nicole Davis","94.05","1995-04-06 04:07:30"
"831935904251","Elizabeth Pittman","21.40","1997-03-17 07:43:32"
"139794275895","Michael Flores","74.88","1996-10-06 00:22:05"
"036440508816","Jennifer Hines","79.58","2018-12-24 21:05:35"
"578594657821","David Sloan","63.20","2015-01-17 22:06:30"
"174058358500","Steven Garcia","93.18","2005-09-21 02:17:38"
"037395413335","Douglas Byrd","85.98","2012-12-20 09:33:50"
"249262124024","Amanda Smith","66.05","2014-02-08 07:04:50"
"268226215598","David Ford","53.40","1992-04-15 17:06:06"
"859355664446","William Ramirez","27.30","1974-03-17 11:36:07"
"560274811754","George Wilson","40.63","2007-12-20 20:56:21"
"803872009402","Darrell Anderson","43.92","2005-10-07 14:28:00"
"552035109775","Bobby Riley PhD","59.68","2011-08-06 09:36:56"
"073871911618","Erin Jones","47.30","2006-04-16 00:16:09"
"590810731899","Darius Mccormick","66.98","2015-08-21 05:43:26"
"927497740219","Mr. Timothy Foster","96.92","1970-07-05 23:42:49"
"612048223253","Gerald Lynn","90.04","2000-09-19 09:09:54"
"134616039600","Brenda Jones","85.69","2009-03-23 22:13:20"
"644030176471","Erin Burns","36.91","1990-02-12 05:28:44"
"650669160269","Ryan Hopkins","22.18","1976-12-07 00:55:42"
"212523112396","Jerry Francis","36.07","1977-05-10 22:15:39"
"540324760253","Doris Harrington","99.20","2001-02-19 13:15:19"
"179840942162","Jon Hull","33.24","2004-02-19 04:40:03"
"880784657295","Karen Hernandez","89.86","2013-07-28 23:11:39"
"382140865641","Michael Cruz","21.89","2011-03-23 17:25:40"
"075601779939","Tammy Griffith","17.07","2002-06-23 02:21:30"
"950317511162","Donna Johnson","44.31","2019-08-26 02:06:41"
"068796291643","Michael Mullins","90.90","1989-04-22 13:08:01"
"874500103936","Jackson Nelson","81.99","2006-09-14 03:21:06"
"992000579829","Jade Ryan","61.86","1983-07-11 19:14:38"
"470037751059","Robert Love","37.05","1991-07-15 19:22:32"
"500673222929","Anita Miller","45.50","2013-09-19 00:48:36"
"390052717003","Sharon Fox","17.22","1997-10-15 00:10:03"
"350524959290","Gregory Scott","39.81","1984-02-03 05:50:56"
"127742688104","Kyle Taylor","96.07","1998-07-20 12:42:26"
"849381736110","Richard Howell","94.96","1977-09-07 14:59:16"
"706530620697","Rachel Jones","68.71","1993-09-20 10:35:00"
"859020817411","Amber Hall","18.45","2015-07-16 21:11:22"
"231784859387","Heather Carter","59.41","2021-11-30 12:30:36"
"398438318432","Tasha Farmer","92.43","1985-10-10 05:56:03"
"000557302629","Kara Martin","48.52","1998-05-22 13:48:57"
"560162231859","Gregory Myers","19.15","1998-11-24 13:52:04"
"476734216139","Michael Johnson","15.77","1979-04-25 22:59:22"
"305702285441","Beth Young","93.58","2006-09-28 16:18:24"
"476156708796","Maria Wolf","54.85","1973-03-16 18:15:40"
"448455710920","Christian Austin","58.49","1978-01-29 10:55:30"
"131988147096","Robert Tapia","45.35","2008-11-03 02:14:54"
"388735321181","Maria Wolf","16.38","2014-09-30 13:03:09"
"801931894300","Joel Boone","64.15","1981-10-24 12:02:00"
"962833932222","Sean Villanueva","40.36","1990-01-29 10:09:43"
"321098734314","Jamie Walters","76.07","1995-08-02 01:16:35"
"391090096310","Colleen Decker","98.12","1985-04-06 17:54:01"
"550853843302","Patrick Williams","47.20","2011-03-23 00:18:32"
"120119961110","Melissa Ray","90.90","1970-03-30 20:48:43"
"109288306991","Steven Young","19.27","2015-10-08 06:19:39"
"002548371051","Jesse Vaughn","65.27","2018-10-05 03:38:21"
"524242525212","Melissa Lopez","25.59","2002-07-24 13:57:35"
"554105871059","Courtney Weber","78.88","2019-08-08 16:45:50"
"236450915023","Brian Mckinney","21.44","2022-04-06 21:23:42"
"134616036246","Chelsea Smith","84.90","1975-06-02 04:15:44"
"741096817441","Lisa Fox","76.11","2000-04-18 20:36:58"
"435516671230","Mariah Flowers","90.67","1985-01-29 02:58:35"
"615027285227","Kerry Adams","86.34","1989-04-01 09:14:02"
"380660643475","Julia Becker","92.68","1994-02-27 03:26:42"
"002233944663","David Anthony","61.66","2016-12-21 18:58:55"
"036804525919","Jason Smith","40.74","1975-05-28 13:45:45"
"516505460431","Michelle Ramirez","59.16","2001-01-05 07:11:55"
"944994260213","Heather Spencer","89.05","1997-02-04 16:46:18"
"387246660366","Jonathan Smith","25.03","1976-05-20 12:13:37"
"571296111152","Nicole Miller","60.53","1994-12-28 16:34:13"
"504971668171","Jennifer Harris","43.51","2015-04-08 17:51:02"
"655020790253","Steven Lowe","93.11","1990-01-15 07:58:05"
"865454214291","Stephen Thomas","72.42","1976-04-19 09:50:03"
"251789842421","James Henderson","75.32","2010-11-30 04:52:00"
"764568035086","Michael Watson","67.75","1976-09-19 10:56:33"
"456198752173","Renee Grant","15.93","1973-03-28 06:25:52"
"080209048828","Paul Cole","40.75","2003-07-09 18:55:16"
"709061074131","Mr. William Williams MD","33.29","1999-06-11 12:56:14"
"646505928967","Paula Lewis","71.01","1976-05-28 07:26:18"
"620199586597","Joel Green","95.71","1996-08-15 18:18:59"
"128251495115","Donna Johnson","52.05","2014-02-22 19:04:52"
"543209524081","Eric Haney","67.81","2003-09-01 18:29:18"
"517092907392","Kaylee Ward","24.35","2001-02-03 12:02:00"
"907715639238","Daniel Martinez","49.20","2000-06-14 05:14:36"
"160631094247","Joy Garcia","96.49","2018-12-16 05:35:22"
"820543400746","Catherine Taylor","35.30","2011-07-29 04:47:20"
"415339911872","Nicholas Smith","83.88","1994-07-29 12:41:01"
"896011308688","Victoria Hebert","20.01","2009-11-05 07:47:55"
"436640123568","Mitchell Davis","26.62","1978-08-17 16:55:25"
"327521323544","Ralph Hudson","25.57","2008-03-31 16:53:39"
"679872671566","Oscar Gonzalez","35.34","2011-12-09 15:54:30"
"014190788919","Chad Stewart","91.97","2008-11-21 00:07:27"
"204285718532","Michael Carter","86.75","1980-05-10 19:53:31"
"233279566504","Andrea Mcneil","30.03","1998-04-06 23:24:11"
"615933329000","Lori West","85.78","1975-11-26 15:08:37"
"705702869287","Audrey Jackson","70.46","2017-01-18 14:19:22"
"981641915576","Michelle Tran","33.79","1974-04-20 22:28:54"
"664752254355","Craig Taylor","92.50","2020-01-26 16:53:52"
"443228767469","Donna Hurley","75.27","2015-06-02 13:28:09"
"918809179701","Patricia Steele","35.25","2020-03-03 00:29:43"
"121953193741","Sherri Shaffer","91.15","2002-10-17 22:00:12"
"800564303447","Lori Rogers","59.36","2014-07-22 22:28:51"
"436185108607","Derrick Velasquez","85.29","2021-03-04 02:51:09"
"481393341131","Sharon Burgess","40.17","1980-08-01 06:10:27"
"522170027357","Paul Good","15.67","2002-08-06 17:00:21"
"955534751738","Mitchell Davis","93.75","1975-03-10 16:14:49"
"096232674665","Laurie Williams","72.07","2007-07-14 14:30:06"
"415257921909","Gregory Watkins","83.32","2005-02-22 23:05:56"
"667867470580","Tammy Myers","25.97","1987-05-11 10:41:54"
"144575774120","Kenneth Ramsey","43.03","1981-09-02 06:33:10"
"717264849370","Raymond Stanley","27.65","2005-09-19 13:30:22"
"846976097784","Scott Thompson","81.80","1983-10-01 18:11:23"
"552517253791","Bridget Brown","92.53","2008-12-18 01:21:43"
"858053220354","Angel Wells","95.76","1987-06-03 13:10:38"
"467764147716","Tammy Garrett","47.37","2012-06-29 10:08:46"
"550413605429","Gregory Oliver","39.04","1985-05-16 03:12:36"
"763685374875","Steven Bauer","84.80","1985-08-28 03:56:47"
"327817773092","Jonathan Smith","45.37","2006-10-23 07:41:10"
"942289503547","Juan Gibson","83.50","2013-08-27 01:47:14"
"461925886095","Robert Cross","37.24","2001-10-17 03:25:22"
"805645508844","Nicole Davis","32.52","2017-10-18 16:24:43"
"398585302125","John Taylor","92.41","1987-02-25 06:10:15"
"174431186164","Mary Harris","75.51","1985-08-04 18:12:22"
"732250766056","Benjamin Tate","74.21","1973-02-11 18:17:05"
"687426268422","Brian Carpenter","48.76","2009-06-08 02:33:57"
"264688206295","Marvin Ward","35.34","1989-07-07 22:31:00"
"024930615197","Cory Dunn","30.49","1994-03-20 11:56:41"
"447710176898","Lisa Fox","66.96","1984-11-03 04:59:36"
"814301050897","Nicholas Gill","31.88","2021-06-14 04:02:42"
"936936566466","Eric Hopkins","31.39","1972-02-03 10:29:54"
"787621356739","Alexis Bradley","81.25","1992-10-20 03:06:09"
"630908370749","Sean Mcintosh","85.56","1987-10-30 02:26:25"
"721741888613","Jason Clark","36.66","1997-07-29 10:47:55"
"120123858563","Jason Conley","56.02","2003-10-20 01:00:44"
"791958640675","Megan Holland","21.58","2013-11-14 23:47:57"
"092491991502","Mr. William Williams MD","27.96","2013-10-15 18:26:10"
"196627396042","Donald Blackwell","53.14","1984-06-08 08:30:21"
"307905850549","Margaret Moreno","66.07","2020-10-20 07:38:02"
"186870906376","Kimberly Dennis","56.48","1998-08-05 02:28:10"
"441314993144","Rachel Wilson","63.36","2014-12-10 00:42:34"
"702897281077","James Jacobs","88.74","1977-02-08 08:53:46"
"232378080244","Isaac Ferguson","34.90","2004-10-09 01:21:55"
"650602586523","Neil Lynch","60.16","1995-04-17 12:51:59"
"645699754059","Lori Livingston","44.11","2002-03-27 15:47:30"
"953051877541","Annette Brown","24.61","1987-05-25 12:14:25"
"202137041429","Nicholas Campbell","67.81","1982-11-24 17:27:56"
"201765018765","Matthew Cole","51.82","2015-12-28 18:08:46"
"156346094663","Joseph Gibbs","47.31","1984-11-12 21:10:43"
"469499065660","Laura Kelly","62.69","1982-12-30 03:38:47"
"242847406726","Carl Sanders","58.49","2017-01-27 06:40:33"
"441088757815","Jason Barrera","96.36","1997-06-03 18:39:33"
"591913977081","Edgar Bell","69.02","1971-07-27 02:18:56"
"372425325602","Jennifer Wilson","82.20","1995-09-15 21:46:02"
"080778208431","Carol Casey","85.34","1975-01-07 14:34:57"
"989777031353","Daniel King","54.86","2016-09-11 16:56:49"
"994462499100","Lisa Sanders","88.72","1979-12-07 06:16:14"
"664993620242","Ryan Hopkins","24.46","2004-08-08 22:46:01"
"747145189421","Molly Daniels","75.98","1989-07-20 13:00:27"
"725963387138","Tammy Griffith","46.69","2012-11-04 22:21:15"
"537502790447","Devin White","30.65","1981-09-13 05:04:07"
"690773394156","Donald Blackwell","98.70","2009-11-15 03:24:14"
"081868405680","Mary Evans","60.53","1977-07-04 09:58:26"
"501338343888","Linda Williams","56.37","1995-11-18 17:46:41"
"019614212641","Bradley Andrews","17.54","1993-09-23 01:59:55"
"108770292316","Juan Gibson","54.19","1973-05-02 21:51:59"
"899683906837","Jeremiah Alexander","50.60","1981-12-07 07:25:23"
"711869067877","Scott Griffin","20.99","1974-06-03 23:27:10"
"682382276063","Carl Sanders","93.81","2001-08-03 16:38:58"
"898816592555","Nicholas Warren","67.91","1994-05-25 06:52:42"
"017898463638","Lori Frye","66.18","2013-09-02 22:12:29"
"408135454006","Mr. Jeffrey Baker","73.79","1993-06-09 09:28:21"
"985123854383","Matthew Byrd","50.77","2021-07-27 19:16:47"
"038851171727","Jason Barrera","52.15","2001-07-28 11:58:05"
"852727664265","Lauren Harrison","74.10","2019-05-04 17:19:35"
"717090540465","Natalie Miller","49.59","1998-08-07 00:14:06"
"138150169142","Steven Lowe","22.42","2021-01-22 04:37:19"
"504009980610","Daniel Sexton","30.55","1975-07-31 20:37:30"
"955109704114","Fred Thompson","97.20","2021-08-14 05:27:47"
"343726020907","Sandra Martinez","17.33","2017-06-25 06:13:07"
"715570468614","Catherine Humphrey","22.38","2000-10-22 01:33:25"
"318090118285","William Blevins","23.36","1992-08-09 18:50:37"
"458351978351","Marisa Perez","21.61","2009-04-05 12:12:02"
"010216118097","Michael Davis","87.80","1989-02-14 06:49:15"
"352751377926","Amanda Moore","83.94","1997-12-05 18:28:05"
"909599285469","Scott Thompson","27.15","2000-01-11 10:38:52"
"808330482140","Daniel Sexton","97.24","2012-09-26 16:11:26"
"568471174936","Steven Turner","17.71","1983-01-28 22:59:33"
"253141630838","Bruce Clark","75.78","2005-05-07 23:11:18"
"307924223291","Todd Rodriguez","60.86","1979-05-26 02:14:50"
"699543478951","Robert Willis","15.67","2006-02-13 03:58:42"
"678120800596","Kevin Russo","94.46","1993-03-10 03:08:28"
"157194380040","Deanna Rodriguez","80.05","1986-06-05 12:15:29"
"209525333582","Bruce Clark","59.84","2021-04-01 14:36:56"
"113591857377","Katherine Hughes","83.96","1982-07-28 11:24:03"
"910478944319","Cory Dunn","94.58","1988-12-18 11:42:36"
"988533177140","Claudia Reid","36.22","1988-09-14 16:38:18"
"540890465012","Nicholas Campbell","84.14","2020-08-20 02:57:33"
"519479822192","John Taylor","22.03","2013-03-25 05:10:57"
"132231868863","Tracy Taylor","33.84","1985-02-13 17:02:02"
"335193720296","Judy Wood","64.51","1976-04-25 20:43:10"
"726920929129","Jason Smith","64.47","2007-07-13 02:18:10"
"013966069846","Dr. Hannah Evans","87.21","1974-11-13 07:37:15"
"768240994734","Samantha Hamilton","40.14","1985-11-11 16:07:52"
"855182630550","Sarah Villanueva","44.34","2019-02-14 10:10:46"
"684942302708","Anita Miller","97.46","1988-06-27 11:36:41"
"912780417540","Deanna Rodriguez","53.47","1977-07-07 01:13:16"
"027273340060","Nathan Barker","37.23","1982-08-29 14:06:18"
"740507814431","Colleen Decker","60.97","1987-11-24 18:03:17"
"908253470951","Kristina Mendez","64.90","2009-01-12 11:20:46"
"666883348512","Carolyn Mack","16.58","1975-08-18 11:49:48"
"192824163829","Kathy Mcguire","91.70","1997-02-18 17:07:43"
"612784019513","Jason Parker","37.55","2010-06-02 14:12:45"
"984468120648","William Garza","69.47","2012-02-06 19:43:16"
"351792932103","Brent Reese","71.41","1986-09-22 04:09:30"
"611759976548","Jessica Kim","25.10","2011-11-07 01:52:44"
"073414738297","Mr. William Williams MD","19.66","1996-08-07 21:06:27"
"232353493020","Doris Harrington","45.75","1998-12-04 17:35:44"
"795186037769","Scott Mason","22.60","2018-02-12 04:34:05"
"789440964504","Daniel King","21.36","2002-11-02 12:41:52"
"351164130863","Mary Clark","18.83","1978-01-12 03:12:44"
"974474561913","Michele Lowe","58.69","1989-06-27 19:30:02"
"715659042774","Samantha Hamilton","44.74","2003-05-12 21:47:15"
"718046898970","Melissa Brown","81.51","2007-10-03 05:49:10"
"260561575988","William Sexton","43.21","1990-07-18 04:46:15"
"114307777816","Paul Higgins","55.40","1986-06-13 23:23:07"
"176012098168","Amber Martinez","81.47","2016-12-08 04:04:52"
"026047328521","Cynthia Boyd","71.94","1995-09-16 03:38:47"
"095687457717","Charles Parks","34.05","1990-08-07 12:26:50"
"502857413008","Jason Conley","54.62","2006-10-09 06:48:26"
"156776421715","Shannon Moore","69.30","2012-08-01 09:28:10"
"617899289363","Dan Shea","41.75","1993-08-22 00:01:14"
"066673676405","Jeffrey Gomez","21.73","1988-04-06 22:20:36"
"105984479683","John Trevino","85.78","1993-10-14 20:03:39"
"783167189620","Tim Ramirez","44.81","2014-01-21 12:35:45"
"286453576488","David Garrison","90.47","1984-04-13 19:19:46"
"486474958265","Kyle Taylor","77.22","2012-07-25 03:40:22"
"495596994194","Christopher Howe","46.75","1993-10-08 12:31:07"
"502309309798","Angela Andrews","26.97","1997-12-07 21:20:23"
"021431127013","Nicholas Lin","35.41","2020-03-23 20:24:16"
"557641767173","Isaac Ferguson","88.30","2013-10-10 21:46:55"
"583004543009","Gregory Dixon","72.60","1971-11-17 20:38:51"
"364131590992","Michelle Cisneros","71.83","1972-06-15 09:26:43"
"740542126255","James Howard","36.68","1974-05-03 01:05:01"
"281928816211","Patrick Williams","99.25","1981-02-20 04:29:14"
"525855047320","William Sexton","29.96","1990-08-23 02:39:11"
"058367353469","Lisa Davis","57.67","1997-04-16 18:24:56"
"273858750906","Melissa Brown","30.68","1987-06-25 17:12:23"
"122049380965","Teresa Dunn","80.73","1988-08-13 10:58:39"
"044728410993","Mark Garrett","81.45","1980-03-26 16:07:34"
"630625775251","Rickey Duke","100.66","1978-07-18 03:39:02"
"320865427084","Joy Garcia","66.48","2010-05-11 22:09:35"
"755592381928","Michael Mullins","31.34","2007-01-13 11:26:46"
"188369708049","Darin Harris","47.95","2004-10-14 03:34:10"
"037182077268","Anne Rangel","15.57","2000-04-29 04:19:15"
"252180891144","Catherine Park","72.11","2000-10-05 16:31:07"
"251669373651","Steven Weber","72.19","1988-05-17 17:07:24"
"650844811166","Tracy Nelson","87.40","1978-02-23 16:24:53"
"651462277654","Matthew Taylor","33.54","1999-03-28 01:15:36"
"652431607816","Mary Jacobs","74.32","2016-07-30 20:23:25"
"791176956090","Melvin Faulkner","59.15","1993-10-21 09:03:35"
"396633678022","Susan Stanton","64.41","1998-10-16 15:41:30"
"109288298185","Tracy Reyes","69.83","2007-05-24 14:05:28"
"839172320683","Robert Brewer","16.10","2002-01-22 09:07:00"
"547901345349","Angel Conway","42.74","2017-08-20 19:40:53"
"843803410760","Michelle Christian","48.96","1999-05-18 05:07:50"
"326085334988","Michelle Morrison","47.56","1973-03-16 13:12:52"
"258023147020","Bruce Johnson","43.50","1979-05-24 09:58:39"
"048470377782","Rachel Miller","56.81","1975-03-11 13:37:02"
"165488532928","Julie Harrison","21.13","2018-03-03 05:04:42"
"417616055432","April Hendricks","68.94","1981-02-18 00:45:40"
"578263239706","Mark Mays","47.91","1997-08-16 08:08:01"
"324159132693","Mr. Joshua Walker","100.24","2011-02-16 21:13:22"
"507201593300","Michael Anderson","92.62","2005-11-24 15:44:51"
"517719437676","Michael Thompson","57.31","1999-11-05 13:50:59"
"718666229814","Jeffery Johnson","55.10","2008-04-22 21:56:15"
"179335859579","Gregory Graham","65.76","1971-02-20 07:14:59"
"338678265854","Eric Smith","84.91","2000-07-12 15:56:19"
"656798316002","Joel Green","56.12","1991-04-11 08:45:54"
"015252078448","Dr. Lauren Perez","20.30","1992-06-07 02:59:37"
"023365927086","Sean Villanueva","80.60","1990-12-08 09:10:35"
"882385749744","Brittany Stokes","60.59","1985-01-24 06:50:14"
"729141047707","Mr. Joshua Walker","30.99","1983-10-21 12:00:33"
"711717165464","Brian Jefferson","24.68","2007-08-08 13:06:44"
"305372975541","Gregory Watkins","59.07","1977-12-11 17:58:33"
"915013543815","Adam Hull","76.45","1984-04-09 03:12:19"
"489974505365","Linda Patterson","68.74","1981-05-04 19:02:43"
"761198972116","Bruce Johnson","76.66","2019-11-06 17:28:08"
"952505752106","Timothy Williams","45.56","2011-07-31 03:13:01"
"268842287335","Mariah Flowers","96.39","2016-10-16 07:27:34"
"434434002508","William Cooper PhD","42.36","1999-03-31 12:35:17"
"485106270292","Michelle Williams","67.41","2015-06-27 03:36:17"
"981834775483","Marie Lawrence","54.48","2017-12-27 10:16:11"
"797558007581","Karen Obrien","79.66","1973-04-11 21:13:57"
"675615799238","Larry Lin","19.53","1989-10-05 03:55:35"
"981562664134","Adam Bell","53.18","2018-02-16 05:14:48"
"093217371589","Matthew Byrd","58.75","1981-11-02 13:00:59"
"597045832913","Matthew Cantrell","73.13","2005-08-27 05:41:53"
"805989083125","Eric Jacobs","35.77","2002-04-05 01:29:40"
"452010876243","Jeffrey Morrow","100.13","2011-12-02 11:47:35"
"100094717047","Andre Jones","100.97","1993-11-08 20:55:41"
"935913334031","Elizabeth Wagner","81.79","1984-09-09 05:51:12"
"859964513372","Mrs. Sarah Nelson","89.38","1991-01-09 06:56:44"
"987385385276","Joseph Montoya","59.97","2020-11-20 07:17:09"
"132691673932","Mitchell Kim","19.87","2005-08-18 10:54:47"
"339925530574","Michael Carter","80.56","1971-12-24 10:22:28"
"636398464193","Todd Gates","59.80","2012-12-22 06:39:16"
"040244626888","Dustin Harrell","18.66","1997-05-09 14:21:03"
"416653710931","Robert Cross","82.44","1982-05-11 12:29:08"
"330700426297","Melanie Parker","76.29","1970-11-06 23:18:08"
"059283809284","Lori Rogers","29.23","1993-07-20 16:15:06"
"049339670932","Jennifer Ross","78.38","1994-03-09 04:30:55"
"265222845221","James Ramirez","47.52","1983-12-11 11:13:03"
"842439291674","Christy Maldonado","69.77","1970-03-06 08:58:16"
"668211449011","Kathleen Hess","60.55","1975-12-25 00:57:03"
"402987610017","Abigail Mcmahon","85.59","2007-11-09 13:31:58"
"152375264010","Douglas Byrd","54.17","1972-10-17 05:37:24"
"318908109897","Katherine Martinez","38.96","1990-08-21 08:54:50"
"357613907666","Stephanie Juarez","95.78","1979-03-24 04:45:55"
"905076059212","Adam Ball","97.86","1973-10-12 20:34:07"
"385511748452","John Kim","23.55","1993-08-14 22:34:26"
"923696329890","Jeremy White","43.05","2006-11-29 17:52:58"
"804398215780","Richard Smith","16.58","1971-11-02 15:39:46"
"653660387824","Amanda Hernandez","34.22","1981-06-19 20:42:56"
"971899443965","Erin Burns","44.56","2012-02-27 00:21:50"
"116145380581","Becky Lee","37.24","1983-05-25 00:48:13"
"553727255812","Andrea Holloway","31.15","2009-12-26 05:44:42"
"075887931832","Helen Shea","53.70","1987-06-20 16:34:51"
"195753329288","Yolanda Wells","23.78","1995-02-27 10:42:07"
"080998413266","Scott Mason","39.46","1989-03-09 17:09:09"
"490831233918","Marisa Perez","85.34","2006-09-02 06:23:43"
"192305012478","Becky Knight","60.05","1987-11-05 13:09:36"
"885855371068","Miss Stephanie Moran","69.56","1976-02-20 21:19:28"
"507730487112","Tiffany Ward","72.40","1988-07-30 01:53:58"
"102611782931","Beth Wilson","20.95","1981-04-05 07:02:31"
"783956390149","Derek Miller","27.43","1972-10-28 02:01:22"
"384934706142","Phillip Roth","81.72","2005-07-21 21:25:15"
"554191368497","Kimberly Wells","15.66","1971-05-10 14:09:40"
"658766768681","Jason Parker","80.24","2021-05-12 04:13:45"
"979097976356","Linda Williams","56.33","1983-11-02 11:08:50"
"412021769417","Michelle Ramirez","47.55","2001-01-08 19:25:36"
"480977875737","Gloria Carlson","40.70","1995-02-15 05:48:13"
"187646015530","Julie Butler","74.05","2017-02-16 15:14:02"
"923684745456","Lisa Fox","62.07","2008-10-27 21:04:03"
"601098838898","Karen Obrien","27.75","2008-02-24 09:10:40"
"547713707707","Anna Mccoy","30.18","2001-02-07 05:43:16"
"019904733040","Rachel Mills","47.53","2007-12-29 03:08:37"
"581539288290","Douglas Coleman","30.00","1986-07-10 03:53:09"
"946666275912","Edward Kemp","25.70","1979-02-01 09:07:53"
"148951727328","Christy Cook","33.38","2007-07-23 18:02:12"
"061751031547","Brian Hall","19.51","2017-08-13 20:37:19"
"140138572732","Angela Gardner","99.36","2013-05-29 07:16:09"
"869781671434","Julie Smith","27.96","1995-02-09 09:55:59"
"387368307777","Patricia Steele","88.68","2012-07-12 21:47:44"
"720275032196","Theresa Reynolds","25.95","1995-12-03 20:03:12"
"134886896961","Timothy Williams","85.96","2018-09-19 16:43:48"
"753287826512","Lance Lane","78.13","2017-04-20 02:02:54"
"854294873639","Robert King","44.90","2016-09-10 04:28:18"
"325962394755","Christopher Bryant","42.25","2003-04-29 05:37:28"
"172980290664","Jessica Grant","86.04","2002-09-19 22:38:49"
"427054139212","Heidi Holmes","34.92","2005-12-02 18:10:18"
"004846228465","Bobby Thomas","89.10","2009-05-17 20:04:37"
"844401019593","Russell Walker","17.23","1975-12-10 20:52:15"
"678977931679","Joshua Bailey","73.05","1971-07-30 13:39:28"
"138677449260","Linda Patterson","34.89","1987-02-05 19:35:09"
"752077606695","Scott Robinson","100.79","2004-10-14 16:45:24"
"478988368843","Donna Estes","63.61","1983-02-14 19:39:01"
"795132052793","Nicholas Little","37.81","1989-06-27 06:34:36"
"478298481481","Michael Mullins","37.22","1979-10-17 22:22:42"
"438966739335","Scott Morgan","33.04","1983-11-28 10:31:31"
"860928296135","Wendy Young","81.00","1987-05-05 19:51:16"
"651229038726","Dustin Davis","90.80","1971-09-28 11:51:15"
"552565296401","Victoria Fields","42.45","1993-05-10 15:18:31"
"851642855485","Mr. Timothy Foster","88.73","1996-12-30 18:47:50"
"252551631120","Cindy Fuller","37.36","1977-09-12 07:42:00"
"103470994034","Stephanie Hicks","96.77","2003-08-05 11:12:34"
"999869338088","Steven Lowe","77.22","1971-01-06 22:37:32"
"085673672935","Kim Davenport","29.04","1977-08-22 14:22:35"
"397142880658","Jennifer Hines","70.18","1971-06-13 22:43:42"
"893513793393","Kristen Stephens","16.48","2011-04-04 19:44:31"
"385876183664","Brandon Gray","66.14","2005-11-24 20:18:14"
"025801169163","Brittany Erickson","48.17","1975-11-03 20:39:50"
"833139077975","Tanner Griffin","64.50","2009-07-26 10:04:39"
"321914994594","Anthony Silva","78.97","1981-12-08 07:08:21"
"912220991179","Jason Barrera","60.27","2001-06-08 21:03:36"
"274077882203","Andrea Mcneil","69.95","1979-07-11 03:26:22"
"674154134032","Colleen Anderson","75.35","2009-02-07 22:33:24"
"034725117105","Anthony Nelson","35.52","2018-10-11 23:28:24"
"141377836153","Donna Johnson","46.44","1972-05-31 01:09:03"
"959656881733","Kyle Taylor","92.59","1991-05-12 09:15:21"
"757662704162","Daniel Joseph","56.88","1987-12-29 23:59:49"
"603521488472","Lisa Solomon","61.93","1985-02-16 23:54:23"
"889563427514","Adam Bell","39.16","1983-11-11 12:35:10"
"693657346474","Kelly Tucker","47.80","2004-10-02 13:41:56"
"925523230627","Mary Harris","84.00","2013-08-16 00:38:32"
"548738461636","Justin Roth","48.66","1981-12-25 00:49:02"
"127877413258","Stephanie Taylor","50.17","1980-11-29 15:14:39"
"071334932378","Adam Hull","36.32","2004-02-13 05:28:11"
"579834434107","Mitchell Young","85.23","1976-05-31 20:36:10"
"760182348201","Scott Brown","15.05","1971-11-01 13:51:16"
"923940134427","Scott Williams","41.91","2001-10-03 19:24:50"
"124555917795","Beth Young","54.70","2001-02-10 07:33:03"
"766297250001","Debbie Jordan","35.49","2014-12-05 13:05:43"
"873284305107","Ronnie Olson","92.06","1993-01-19 17:12:10"
"965214399261","Billy Booker","59.07","1974-10-02 07:41:14"
"472290520577","Scott Brown","60.23","1976-04-24 02:02:07"
"292279501390","John Christian","29.18","1976-03-10 10:07:24"
"851837529995","Taylor Gilmore","28.20","2020-12-10 12:54:47"
"862606762450","Elizabeth Pittman","89.51","2015-10-12 11:16:49"
"898651260619","Tyler Sims","26.54","2010-06-28 05:29:53"
"384062344468","Andrew Pratt","94.64","2020-08-05 05:03:33"
"152814892096","Donna Hardy","97.79","1989-12-12 12:47:01"
"157391125885","Julie Harrison","99.32","1987-02-06 15:34:13"
"639130410088","Tanya Thomas","92.79","2006-10-25 12:26:02"
"682082228093","Jenny White","75.41","2010-01-26 20:03:50"
"079901338510","Mark James","46.15","1976-01-03 12:18:58"
"175978840944","Sean Curtis","66.99","2010-08-31 05:52:56"
"789973772490","Jonathan Villegas","52.09","2016-11-17 15:33:35"
"658065604617","Joseph Diaz","18.67","1985-12-19 14:58:05"
"532335692321","Richard Williams","58.18","1991-09-07 09:44:22"
"431095928589","Beth Berry","44.25","1974-04-29 02:32:30"
"057349590353","Beth Berry","80.09","2019-04-27 21:37:09"
"104329411372","Virginia Huffman","99.66","1994-10-14 12:11:19"
"116253308276","Donna Hill","15.64","1990-11-03 10:36:00"
"252174000740","Lauren Porter","24.86","1991-08-22 13:49:07"
"312008005521","Rachel Mills","83.34","2003-04-29 00:53:05"
"966774944774","Don Taylor","24.02","2019-01-30 05:11:17"
"912219915468","Andrew Pratt","77.73","1999-04-13 17:11:05"
"873053119426","Christopher Williamson","57.30","2005-11-16 11:17:57"
"902311000615","Andrew Lindsey","41.63","2017-05-31 02:58:10"
"285880701037","Sabrina Wright","43.88","2020-02-25 00:47:24"
"865432994520","Tammy Garrett","35.91","1989-05-07 03:31:02"
"819836560471","Patricia Steele","44.36","2001-10-06 21:40:33"
"803346629860","Megan Nguyen","16.27","2022-02-16 07:32:16"
"047324310167","Christopher Cameron","38.39","2007-07-04 15:07:06"
"236034136113","Scott Brown","51.60","1972-12-21 19:37:01"
"620534679230","Nathan Rodgers","30.53","1974-10-01 01:36:14"
"283739837542","Michael Cruz","58.51","1999-04-12 02:04:10"
"115019654292","Richard Chandler","38.33","1979-11-08 04:09:50"
"572590881039","Zachary Smith","87.40","1987-06-16 18:37:23"
"327540801881","Emily Navarro","44.25","2009-12-13 13:39:20"
"436094051454","Carl Sanders","20.07","2011-08-17 08:25:20"
"971614577024","Tammy Garrett","55.14","1988-07-04 19:10:30"
"133750153402","Alison Patterson","22.86","1977-02-12 02:26:08"
"228912459195","Monica Adams","20.15","1995-04-06 17:09:42"
"460233289168","Kenneth Ramsey","72.93","1988-08-06 17:58:54"
"014351957482","Rhonda Peterson","15.33","1982-03-22 07:52:05"
"715188787067","Matthew Cole","96.00","1995-01-09 17:47:32"
"596981567672","Lori Frye","31.35","2009-01-01 17:12:29"
"878212896759","Justin Hunt MD","66.67","2012-06-18 03:18:52"
"812521309615","Adam Bell","25.24","1976-09-21 07:40:43"
"910223176066","Derek Gonzalez","74.01","1990-11-27 20:07:14"
"283785832909","Andrew Pratt","85.33","2020-05-01 20:46:39"
"300056098003","Richard Howell","37.90","2006-01-31 13:36:13"
"742042062790","Cindy Ramos","88.74","1991-07-15 00:11:35"
"602035424587","Steven Serrano","94.69","1995-01-27 15:37:19"
"658468102398","Jerome Castaneda","17.35","1995-02-08 03:26:40"
"068179939633","Eric Haney","61.06","1985-09-30 18:30:58"
"444460946353","Nicole Webb","62.14","1976-10-02 05:30:15"
"142609929103","Dominique Williamson","33.75","1996-02-13 05:29:28"
"883076049079","Samuel Moore","49.31","1977-04-03 14:43:04"
"591834415812","Lynn Madden","34.76","1979-01-27 03:43:30"
"666393059267","Angela Mccullough","94.56","2010-11-18 17:47:32"
"138935893977","Timothy Williams","89.02","1990-02-13 01:30:20"
"895833279912","Don Taylor","79.36","2020-03-03 00:27:30"
"198574170792","Sarah Harrison","53.36","2004-03-30 13:54:40"
"131410212311","Carolyn Mack","95.20","1971-08-15 10:47:52"
"941107281051","Jodi Fox DDS","66.86","2002-04-05 06:43:55"
